date,value
2007/01/18,0.0
2007/01/19,0.0
2007/01/22,0.0
2007/01/23,0.0
2007/01/24,0.0
2007/01/25,-0.001
2007/01/26,-0.001
2007/01/29,-0.001
2007/01/30,0.0
2007/01/31,-0.001
2007/02/01,0.001
2007/02/02,0.002
2007/02/05,0.0
2007/02/06,0.001
2007/02/07,0.002
2007/02/08,0.004
2007/02/09,0.001
2007/02/12,0.0
2007/02/13,0.003
2007/02/14,0.006
2007/02/26,0.006
2007/02/27,-0.015
2007/03/01,-0.025
2007/03/02,-0.034
2007/03/05,-0.043
2007/03/06,-0.03
2007/03/07,-0.031
2007/03/08,-0.028
2007/03/09,-0.029
2007/03/12,-0.024
2007/03/13,-0.039
2007/03/14,-0.041
2007/03/15,-0.034
2007/03/16,-0.033
2007/03/19,-0.025
2007/03/20,-0.018
2007/03/21,-0.007
2007/03/22,-0.007
2007/03/23,-0.01
2007/03/26,-0.01
2007/03/27,-0.012
2007/03/28,-0.016
2007/03/29,-0.013
2007/03/30,-0.011
2007/04/02,-0.01
2007/04/03,0.0
2007/04/04,0.002
2007/04/09,0.007
2007/04/10,0.009
2007/04/11,0.005
2007/04/12,0.016
2007/04/13,0.028
2007/04/16,0.039
2007/04/17,0.04
2007/04/18,0.039
2007/04/19,0.044
2007/04/20,0.047
2007/04/23,0.057
2007/04/24,0.056
2007/04/25,0.061
2007/04/26,0.064
2007/04/27,0.063
2007/04/30,0.057
2007/05/02,0.066
2007/05/03,0.063
2007/05/04,0.067
2007/05/07,0.068
2007/05/08,0.063
2007/05/09,0.065
2007/05/10,0.048
2007/05/11,0.052
2007/05/14,0.054
2007/05/15,0.053
2007/05/16,0.061
2007/05/17,0.055
2007/05/18,0.06
2007/05/21,0.06
2007/05/22,0.06
2007/05/23,0.055
2007/05/24,0.046
2007/05/25,0.045
2007/05/29,0.039
2007/05/30,0.036
2007/05/31,0.041
2007/06/01,0.044
2007/06/04,0.042
2007/06/05,0.039
2007/06/06,0.029
2007/06/07,0.012
2007/06/08,0.009
2007/06/11,0.012
2007/06/12,0.006
2007/06/13,0.012
2007/06/14,0.017
2007/06/15,0.027
2007/06/20,0.014
2007/06/21,0.011
2007/06/22,-0.007
2007/06/25,-0.009
2007/06/26,-0.008
2007/06/27,0.0
2007/06/28,0.003
2007/06/29,0.0
2007/07/02,0.007
2007/07/03,0.008
2007/07/05,0.01
2007/07/06,0.01
2007/07/09,0.004
2007/07/10,0.0
2007/07/11,0.004
2007/07/12,0.011
2007/07/13,0.013
2007/07/16,0.013
2007/07/17,0.01
2007/07/18,0.007
2007/07/19,0.012
2007/07/20,0.003
2007/07/23,0.003
2007/07/24,-0.008
2007/07/25,-0.007
2007/07/26,-0.02
2007/07/27,-0.033
2007/07/30,-0.032
2007/07/31,-0.034
2007/08/01,-0.036
2007/08/02,-0.031
2007/08/03,-0.04
2007/08/06,-0.029
2007/08/07,-0.025
2007/08/08,-0.012
2007/08/09,-0.026
2007/08/10,-0.037
2007/08/13,-0.038
2007/08/14,-0.045
2007/08/15,-0.048
2007/08/16,-0.059
2007/08/17,-0.057
2007/08/20,-0.053
2007/08/21,-0.049
2007/08/22,-0.038
2007/08/23,-0.033
2007/08/24,-0.027
2007/08/27,-0.028
2007/08/28,-0.039
2007/08/29,-0.032
2007/08/30,-0.028
2007/08/31,-0.02
2007/09/04,-0.007
2007/09/05,-0.014
2007/09/06,-0.005
2007/09/07,-0.013
2007/09/10,-0.015
2007/09/11,-0.002
2007/09/12,0.002
2007/09/13,0.005
2007/09/14,-0.001
2007/09/17,-0.01
2007/09/19,0.015
2007/09/20,0.013
2007/09/21,0.014
2007/09/26,0.022
2007/09/27,0.021
2007/09/28,0.016
2007/10/01,0.02
2007/10/02,0.017
2007/10/03,0.019
2007/10/04,0.018
2007/10/05,0.026
2007/10/08,0.022
2007/10/09,0.024
2007/10/11,0.025
2007/10/12,0.024
2007/10/15,0.017
2007/10/16,0.009
2007/10/17,0.008
2007/10/18,0.008
2007/10/19,-0.004
2007/10/22,-0.01
2007/10/23,0.004
2007/10/24,0.002
2007/10/25,0.001
2007/10/26,0.007
2007/10/29,0.006
2007/10/30,-0.002
2007/10/31,0.006
2007/11/01,-0.008
2007/11/02,-0.007
2007/11/05,-0.015
2007/11/06,-0.008
2007/11/07,-0.025
2007/11/08,-0.027
2007/11/09,-0.039
2007/11/12,-0.043
2007/11/13,-0.037
2007/11/14,-0.032
2007/11/15,-0.036
2007/11/16,-0.038
2007/11/19,-0.053
2007/11/20,-0.055
2007/11/21,-0.07
2007/11/23,-0.05
2007/11/26,-0.057
2007/11/27,-0.042
2007/11/28,-0.032
2007/11/29,-0.024
2007/11/30,-0.021
2007/12/03,-0.031
2007/12/04,-0.04
2007/12/05,-0.034
2007/12/06,-0.027
2007/12/07,-0.03
2007/12/10,-0.033
2007/12/11,-0.043
2007/12/12,-0.038
2007/12/13,-0.043
2007/12/14,-0.045
2007/12/17,-0.062
2007/12/18,-0.056
2007/12/19,-0.062
2007/12/20,-0.057
2007/12/21,-0.06
2007/12/24,-0.058
2007/12/26,-0.055
2007/12/27,-0.063
2007/12/28,-0.06
2007/12/31,-0.064
2008/01/02,-0.067
2008/01/03,-0.063
2008/01/04,-0.075
2008/01/07,-0.067
2008/01/08,-0.057
2008/01/09,-0.043
2008/01/10,-0.043
2008/01/11,-0.044
2008/01/14,-0.046
2008/01/15,-0.063
2008/01/16,-0.064
2008/01/17,-0.071
2008/01/18,-0.081
2008/01/22,-0.111
2008/01/23,-0.118
2008/01/24,-0.114
2008/01/25,-0.124
2008/01/28,-0.116
2008/01/29,-0.111
2008/01/30,-0.121
2008/01/31,-0.119
2008/02/01,-0.105
2008/02/12,-0.138
2008/02/13,-0.136
2008/02/14,-0.14
2008/02/15,-0.141
2008/02/19,-0.137
2008/02/20,-0.137
2008/02/21,-0.137
2008/02/22,-0.139
2008/02/25,-0.13
2008/02/26,-0.128
2008/02/27,-0.135
2008/02/29,-0.145
2008/03/03,-0.15
2008/03/04,-0.157
2008/03/05,-0.162
2008/03/06,-0.179
2008/03/07,-0.18
2008/03/10,-0.2
2008/03/11,-0.196
2008/03/12,-0.195
2008/03/13,-0.187
2008/03/14,-0.199
2008/03/17,-0.209
2008/03/18,-0.2
2008/03/19,-0.204
2008/03/20,-0.206
2008/03/24,-0.208
2008/03/25,-0.202
2008/03/26,-0.203
2008/03/27,-0.198
2008/03/28,-0.199
2008/03/31,-0.195
2008/04/01,-0.183
2008/04/02,-0.18
2008/04/03,-0.183
2008/04/07,-0.178
2008/04/08,-0.182
2008/04/09,-0.19
2008/04/10,-0.182
2008/04/11,-0.19
2008/04/14,-0.196
2008/04/15,-0.198
2008/04/16,-0.189
2008/04/17,-0.195
2008/04/18,-0.188
2008/04/21,-0.19
2008/04/22,-0.195
2008/04/23,-0.19
2008/04/24,-0.194
2008/04/25,-0.192
2008/04/28,-0.187
2008/04/29,-0.196
2008/04/30,-0.193
2008/05/02,-0.18
2008/05/05,-0.179
2008/05/06,-0.18
2008/05/07,-0.184
2008/05/08,-0.176
2008/05/09,-0.183
2008/05/12,-0.177
2008/05/13,-0.182
2008/05/14,-0.181
2008/05/15,-0.179
2008/05/16,-0.179
2008/05/19,-0.177
2008/05/20,-0.177
2008/05/21,-0.186
2008/05/22,-0.183
2008/05/23,-0.187
2008/05/27,-0.183
2008/05/28,-0.193
2008/05/29,-0.184
2008/05/30,-0.187
2008/06/02,-0.191
2008/06/03,-0.191
2008/06/04,-0.185
2008/06/05,-0.183
2008/06/06,-0.19
2008/06/09,-0.192
2008/06/10,-0.196
2008/06/11,-0.206
2008/06/12,-0.209
2008/06/13,-0.203
2008/06/16,-0.201
2008/06/17,-0.205
2008/06/18,-0.206
2008/06/19,-0.199
2008/06/20,-0.199
2008/06/23,-0.202
2008/06/24,-0.205
2008/06/25,-0.2
2008/06/26,-0.21
2008/06/27,-0.208
2008/06/30,-0.204
2008/07/01,-0.2
2008/07/02,-0.203
2008/07/03,-0.199
2008/07/07,-0.202
2008/07/08,-0.191
2008/07/09,-0.188
2008/07/10,-0.181
2008/07/11,-0.188
2008/07/14,-0.189
2008/07/15,-0.172
2008/07/16,-0.17
2008/07/17,-0.168
2008/07/18,-0.174
2008/07/21,-0.168
2008/07/22,-0.161
2008/07/23,-0.165
2008/07/24,-0.161
2008/07/25,-0.155
2008/07/29,-0.154
2008/07/30,-0.151
2008/07/31,-0.144
2008/08/01,-0.155
2008/08/04,-0.153
2008/08/05,-0.141
2008/08/06,-0.137
2008/08/07,-0.147
2008/08/08,-0.138
2008/08/11,-0.132
2008/08/12,-0.135
2008/08/13,-0.14
2008/08/14,-0.131
2008/08/15,-0.133
2008/08/18,-0.141
2008/08/19,-0.144
2008/08/20,-0.148
2008/08/21,-0.152
2008/08/22,-0.147
2008/08/25,-0.152
2008/08/26,-0.153
2008/08/27,-0.155
2008/08/28,-0.149
2008/08/29,-0.149
2008/09/02,-0.154
2008/09/03,-0.154
2008/09/04,-0.17
2008/09/05,-0.179
2008/09/08,-0.176
2008/09/09,-0.182
2008/09/10,-0.18
2008/09/11,-0.173
2008/09/12,-0.174
2008/09/15,-0.181
2008/09/16,-0.176
2008/09/17,-0.198
2008/09/18,-0.18
2008/09/19,-0.18
2008/09/22,-0.194
2008/09/23,-0.193
2008/09/24,-0.188
2008/09/25,-0.177
2008/09/26,-0.173
2008/09/30,-0.195
2008/10/01,-0.194
2008/10/02,-0.208
2008/10/03,-0.21
2008/10/06,-0.247
2008/10/07,-0.261
2008/10/08,-0.276
2008/10/09,-0.299
2008/10/13,-0.269
2008/10/14,-0.268
2008/10/15,-0.304
2008/10/16,-0.295
2008/10/17,-0.285
2008/10/20,-0.261
2008/10/21,-0.273
2008/10/22,-0.296
2008/10/23,-0.286
2008/10/24,-0.302
2008/10/27,-0.326
2008/10/28,-0.293
2008/10/29,-0.286
2008/10/30,-0.28
2008/10/31,-0.266
2008/11/03,-0.256
2008/11/04,-0.246
2008/11/05,-0.267
2008/11/06,-0.283
2008/11/07,-0.268
2008/11/10,-0.262
2008/11/11,-0.276
2008/11/12,-0.293
2008/11/13,-0.264
2008/11/14,-0.272
2008/11/17,-0.281
2008/11/18,-0.283
2008/11/19,-0.307
2008/11/20,-0.337
2008/11/21,-0.337
2008/11/24,-0.311
2008/11/25,-0.306
2008/11/26,-0.298
2008/11/28,-0.286
2008/12/01,-0.32
2008/12/02,-0.305
2008/12/03,-0.289
2008/12/04,-0.298
2008/12/05,-0.281
2008/12/08,-0.268
2008/12/09,-0.279
2008/12/10,-0.282
2008/12/11,-0.288
2008/12/12,-0.286
2008/12/15,-0.296
2008/12/16,-0.275
2008/12/17,-0.276
2008/12/18,-0.271
2008/12/19,-0.269
2008/12/22,-0.269
2008/12/23,-0.267
2008/12/24,-0.267
2008/12/26,-0.267
2008/12/29,-0.265
2008/12/30,-0.255
2008/12/31,-0.251
2009/01/05,-0.24
2009/01/06,-0.247
2009/01/07,-0.251
2009/01/08,-0.246
2009/01/09,-0.248
2009/01/12,-0.254
2009/01/13,-0.249
2009/01/14,-0.257
2009/01/15,-0.251
2009/01/16,-0.239
2009/01/20,-0.259
2009/01/21,-0.246
2009/02/02,-0.243
2009/02/03,-0.232
2009/02/04,-0.232
2009/02/05,-0.225
2009/02/06,-0.218
2009/02/09,-0.214
2009/02/10,-0.23
2009/02/11,-0.23
2009/02/12,-0.223
2009/02/13,-0.222
2009/02/17,-0.228
2009/02/18,-0.229
2009/02/19,-0.229
2009/02/20,-0.235
2009/02/23,-0.245
2009/02/24,-0.233
2009/02/25,-0.246
2009/02/26,-0.27
2009/02/27,-0.294
2009/03/02,-0.319
2009/03/03,-0.321
2009/03/04,-0.314
2009/03/05,-0.337
2009/03/06,-0.328
2009/03/09,-0.336
2009/03/10,-0.323
2009/03/11,-0.332
2009/03/12,-0.305
2009/03/13,-0.289
2009/03/16,-0.295
2009/03/17,-0.283
2009/03/18,-0.287
2009/03/19,-0.297
2009/03/20,-0.3
2009/03/23,-0.278
2009/03/24,-0.289
2009/03/25,-0.281
2009/03/26,-0.271
2009/03/27,-0.283
2009/03/30,-0.287
2009/03/31,-0.281
2009/04/01,-0.291
2009/04/02,-0.29
2009/04/03,-0.301
2009/04/06,-0.303
2009/04/07,-0.303
2009/04/08,-0.293
2009/04/09,-0.289
2009/04/13,-0.288
2009/04/14,-0.293
2009/04/15,-0.284
2009/04/16,-0.281
2009/04/17,-0.284
2009/04/20,-0.298
2009/04/21,-0.296
2009/04/22,-0.3
2009/04/23,-0.296
2009/04/24,-0.289
2009/04/27,-0.28
2009/04/28,-0.278
2009/04/29,-0.27
2009/04/30,-0.283
2009/05/04,-0.279
2009/05/05,-0.275
2009/05/06,-0.276
2009/05/07,-0.267
2009/05/08,-0.265
2009/05/11,-0.264
2009/05/12,-0.262
2009/05/13,-0.266
2009/05/14,-0.266
2009/05/15,-0.271
2009/05/18,-0.266
2009/05/19,-0.265
2009/05/20,-0.26
2009/05/21,-0.272
2009/05/22,-0.27
2009/05/26,-0.261
2009/05/27,-0.265
2009/06/01,-0.256
2009/06/02,-0.244
2009/06/03,-0.244
2009/06/04,-0.245
2009/06/05,-0.252
2009/06/08,-0.256
2009/06/09,-0.255
2009/06/10,-0.26
2009/06/11,-0.253
2009/06/12,-0.248
2009/06/15,-0.262
2009/06/16,-0.261
2009/06/17,-0.253
2009/06/18,-0.243
2009/06/19,-0.239
2009/06/22,-0.251
2009/06/23,-0.249
2009/06/24,-0.243
2009/06/25,-0.236
2009/06/26,-0.231
2009/06/29,-0.232
2009/06/30,-0.242
2009/07/01,-0.238
2009/07/02,-0.249
2009/07/06,-0.251
2009/07/07,-0.252
2009/07/08,-0.249
2009/07/09,-0.248
2009/07/10,-0.251
2009/07/13,-0.239
2009/07/14,-0.242
2009/07/15,-0.237
2009/07/16,-0.23
2009/07/17,-0.232
2009/07/20,-0.227
2009/07/21,-0.218
2009/07/22,-0.218
2009/07/23,-0.197
2009/07/24,-0.186
2009/07/27,-0.189
2009/07/28,-0.183
2009/07/29,-0.179
2009/07/30,-0.181
2009/07/31,-0.183
2009/08/03,-0.179
2009/08/04,-0.179
2009/08/05,-0.185
2009/08/06,-0.191
2009/08/10,-0.188
2009/08/11,-0.19
2009/08/12,-0.184
2009/08/13,-0.188
2009/08/14,-0.193
2009/08/17,-0.198
2009/08/18,-0.196
2009/08/19,-0.188
2009/08/20,-0.183
2009/08/21,-0.177
2009/08/24,-0.179
2009/08/25,-0.177
2009/08/26,-0.174
2009/08/27,-0.177
2009/08/28,-0.178
2009/08/31,-0.182
2009/09/01,-0.194
2009/09/02,-0.193
2009/09/03,-0.194
2009/09/04,-0.185
2009/09/08,-0.184
2009/09/09,-0.18
2009/09/10,-0.177
2009/09/11,-0.172
2009/09/14,-0.165
2009/09/15,-0.165
2009/09/16,-0.159
2009/09/17,-0.156
2009/09/18,-0.156
2009/09/21,-0.15
2009/09/22,-0.149
2009/09/23,-0.156
2009/09/24,-0.16
2009/09/25,-0.161
2009/09/28,-0.153
2009/09/29,-0.159
2009/09/30,-0.161
2009/10/01,-0.176
2009/10/02,-0.182
2009/10/05,-0.179
2009/10/06,-0.174
2009/10/07,-0.174
2009/10/08,-0.177
2009/10/09,-0.168
2009/10/12,-0.163
2009/10/13,-0.168
2009/10/14,-0.16
2009/10/15,-0.153
2009/10/16,-0.157
2009/10/19,-0.155
2009/10/20,-0.166
2009/10/21,-0.167
2009/10/22,-0.165
2009/10/23,-0.176
2009/10/26,-0.188
2009/10/27,-0.182
2009/10/28,-0.197
2009/10/29,-0.186
2009/10/30,-0.187
2009/11/02,-0.191
2009/11/03,-0.189
2009/11/04,-0.186
2009/11/05,-0.174
2009/11/06,-0.17
2009/11/09,-0.163
2009/11/10,-0.162
2009/11/11,-0.158
2009/11/12,-0.165
2009/11/13,-0.164
2009/11/16,-0.161
2009/11/17,-0.163
2009/11/18,-0.162
2009/11/19,-0.164
2009/11/20,-0.164
2009/11/23,-0.157
2009/11/24,-0.156
2009/11/25,-0.146
2009/11/27,-0.158
2009/11/30,-0.16
2009/12/01,-0.145
2009/12/02,-0.14
2009/12/03,-0.146
2009/12/04,-0.142
2009/12/07,-0.147
2009/12/08,-0.149
2009/12/09,-0.149
2009/12/10,-0.143
2009/12/11,-0.143
2009/12/14,-0.138
2009/12/15,-0.143
2009/12/16,-0.144
2009/12/17,-0.153
2009/12/18,-0.14
2009/12/21,-0.135
2009/12/22,-0.129
2009/12/23,-0.134
2009/12/24,-0.133
2009/12/28,-0.13
2009/12/29,-0.13
2009/12/30,-0.134
2009/12/31,-0.144
2010/01/04,-0.134
2010/01/05,-0.141
2010/01/06,-0.133
2010/01/07,-0.133
2010/01/08,-0.129
2010/01/11,-0.125
2010/01/12,-0.127
2010/01/13,-0.117
2010/01/14,-0.116
2010/01/15,-0.12
2010/01/19,-0.109
2010/01/20,-0.109
2010/01/21,-0.125
2010/01/22,-0.13
2010/01/25,-0.135
2010/01/26,-0.128
2010/01/27,-0.12
2010/01/28,-0.129
2010/01/29,-0.132
2010/02/01,-0.127
2010/02/02,-0.112
2010/02/03,-0.113
2010/02/04,-0.135
2010/02/05,-0.139
2010/02/08,-0.144
2010/02/09,-0.141
2010/02/10,-0.14
2010/02/22,-0.119
2010/02/23,-0.129
2010/02/24,-0.129
2010/02/25,-0.132
2010/02/26,-0.126
2010/03/01,-0.109
2010/03/02,-0.105
2010/03/03,-0.108
2010/03/04,-0.109
2010/03/05,-0.099
2010/03/08,-0.102
2010/03/09,-0.101
2010/03/10,-0.096
2010/03/11,-0.094
2010/03/12,-0.096
2010/03/15,-0.092
2010/03/16,-0.09
2010/03/17,-0.09
2010/03/18,-0.084
2010/03/19,-0.084
2010/03/22,-0.08
2010/03/23,-0.082
2010/03/24,-0.088
2010/03/25,-0.093
2010/03/26,-0.097
2010/03/29,-0.142
2010/03/30,-0.145
2010/03/31,-0.149
2010/04/01,-0.143
2010/04/06,-0.149
2010/04/07,-0.152
2010/04/08,-0.15
2010/04/09,-0.149
2010/04/12,-0.154
2010/04/13,-0.153
2010/04/14,-0.156
2010/04/15,-0.161
2010/04/16,-0.164
2010/04/19,-0.164
2010/04/20,-0.162
2010/04/21,-0.18
2010/04/22,-0.191
2010/04/23,-0.183
2010/04/26,-0.193
2010/04/27,-0.202
2010/04/28,-0.197
2010/04/29,-0.188
2010/04/30,-0.197
2010/05/03,-0.192
2010/05/04,-0.208
2010/05/05,-0.213
2010/05/06,-0.229
2010/05/07,-0.244
2010/05/10,-0.227
2010/05/11,-0.223
2010/05/12,-0.211
2010/05/13,-0.22
2010/05/14,-0.234
2010/05/17,-0.23
2010/05/18,-0.238
2010/05/19,-0.24
2010/05/20,-0.261
2010/05/21,-0.264
2010/05/24,-0.268
2010/05/25,-0.27
2010/05/26,-0.272
2010/05/27,-0.26
2010/05/28,-0.261
2010/06/01,-0.266
2010/06/02,-0.247
2010/06/03,-0.242
2010/06/04,-0.26
2010/06/07,-0.264
2010/06/08,-0.271
2010/06/09,-0.271
2010/06/10,-0.257
2010/06/11,-0.251
2010/06/14,-0.25
2010/06/15,-0.24
2010/06/17,-0.237
2010/06/18,-0.236
2010/06/21,-0.24
2010/06/22,-0.245
2010/06/23,-0.244
2010/06/24,-0.248
2010/06/25,-0.245
2010/06/28,-0.246
2010/06/29,-0.26
2010/06/30,-0.266
2010/07/01,-0.275
2010/07/02,-0.27
2010/07/06,-0.273
2010/07/07,-0.266
2010/07/08,-0.257
2010/07/09,-0.253
2010/07/12,-0.254
2010/07/13,-0.245
2010/07/14,-0.244
2010/07/15,-0.24
2010/07/16,-0.258
2010/07/19,-0.255
2010/07/20,-0.256
2010/07/21,-0.263
2010/07/22,-0.254
2010/07/23,-0.256
2010/07/26,-0.244
2010/07/27,-0.245
2010/07/28,-0.254
2010/07/29,-0.255
2010/07/30,-0.251
2010/08/02,-0.242
2010/08/03,-0.238
2010/08/04,-0.232
2010/08/05,-0.231
2010/08/06,-0.229
2010/08/09,-0.225
2010/08/10,-0.225
2010/08/11,-0.244
2010/08/12,-0.238
2010/08/13,-0.241
2010/08/16,-0.241
2010/08/17,-0.236
2010/08/18,-0.237
2010/08/19,-0.25
2010/08/20,-0.253
2010/08/23,-0.253
2010/08/24,-0.264
2010/08/25,-0.257
2010/08/26,-0.263
2010/08/27,-0.253
2010/08/30,-0.257
2010/08/31,-0.258
2010/09/01,-0.24
2010/09/02,-0.237
2010/09/03,-0.23
2010/09/07,-0.234
2010/09/08,-0.228
2010/09/09,-0.224
2010/09/10,-0.219
2010/09/13,-0.219
2010/09/14,-0.218
2010/09/15,-0.215
2010/09/16,-0.216
2010/09/17,-0.218
2010/09/20,-0.21
2010/09/21,-0.209
2010/09/23,-0.215
2010/09/24,-0.205
2010/09/27,-0.217
2010/09/28,-0.213
2010/09/29,-0.219
2010/09/30,-0.221
2010/10/01,-0.22
2010/10/04,-0.226
2010/10/05,-0.214
2010/10/06,-0.22
2010/10/07,-0.218
2010/10/08,-0.214
2010/10/11,-0.217
2010/10/12,-0.216
2010/10/13,-0.212
2010/10/14,-0.217
2010/10/15,-0.21
2010/10/18,-0.206
2010/10/19,-0.215
2010/10/20,-0.222
2010/10/21,-0.221
2010/10/22,-0.22
2010/10/25,-0.218
2010/10/26,-0.218
2010/10/27,-0.213
2010/10/28,-0.212
2010/10/29,-0.214
2010/11/01,-0.215
2010/11/02,-0.21
2010/11/03,-0.212
2010/11/04,-0.211
2010/11/05,-0.215
2010/11/08,-0.215
2010/11/09,-0.219
2010/11/10,-0.22
2010/11/11,-0.221
2010/11/12,-0.225
2010/11/15,-0.223
2010/11/16,-0.231
2010/11/17,-0.229
2010/11/18,-0.219
2010/11/19,-0.219
2010/11/22,-0.22
2010/11/23,-0.228
2010/11/24,-0.222
2010/11/26,-0.225
2010/11/29,-0.232
2010/11/30,-0.239
2010/12/01,-0.229
2010/12/02,-0.225
2010/12/03,-0.225
2010/12/06,-0.234
2010/12/07,-0.23
2010/12/08,-0.23
2010/12/09,-0.233
2010/12/10,-0.226
2010/12/13,-0.228
2010/12/14,-0.222
2010/12/15,-0.222
2010/12/16,-0.217
2010/12/17,-0.21
2010/12/20,-0.21
2010/12/21,-0.209
2010/12/22,-0.208
2010/12/23,-0.211
2010/12/27,-0.214
2010/12/28,-0.215
2010/12/29,-0.216
2010/12/30,-0.221
2010/12/31,-0.22
2011/01/03,-0.219
2011/01/04,-0.218
2011/01/05,-0.216
2011/01/06,-0.219
2011/01/07,-0.228
2011/01/10,-0.234
2011/01/11,-0.233
2011/01/12,-0.23
2011/01/13,-0.231
2011/01/14,-0.229
2011/01/18,-0.226
2011/01/19,-0.233
2011/01/20,-0.234
2011/01/21,-0.238
2011/01/24,-0.237
2011/01/25,-0.237
2011/01/26,-0.233
2011/01/27,-0.232
2011/01/28,-0.247
2011/02/08,-0.239
2011/02/09,-0.245
2011/02/10,-0.244
2011/02/11,-0.242
2011/02/14,-0.235
2011/02/15,-0.231
2011/02/16,-0.228
2011/02/17,-0.227
2011/02/18,-0.226
2011/02/22,-0.234
2011/02/23,-0.238
2011/02/24,-0.231
2011/02/25,-0.224
2011/03/01,-0.225
2011/03/02,-0.223
2011/03/03,-0.218
2011/03/04,-0.22
2011/03/07,-0.226
2011/03/08,-0.223
2011/03/09,-0.224
2011/03/10,-0.227
2011/03/11,-0.226
2011/03/14,-0.231
2011/03/15,-0.243
2011/03/16,-0.25
2011/03/17,-0.243
2011/03/18,-0.237
2011/03/21,-0.232
2011/03/22,-0.233
2011/03/23,-0.231
2011/03/24,-0.225
2011/03/25,-0.226
2011/03/28,-0.228
2011/03/29,-0.223
2011/03/30,-0.209
2011/03/31,-0.209
2011/04/01,-0.208
2011/04/06,-0.209
2011/04/07,-0.213
2011/04/08,-0.211
2011/04/11,-0.208
2011/04/12,-0.207
2011/04/13,-0.204
2011/04/14,-0.203
2011/04/15,-0.196
2011/04/18,-0.205
2011/04/19,-0.204
2011/04/20,-0.193
2011/04/21,-0.191
2011/04/25,-0.189
2011/04/26,-0.182
2011/04/27,-0.176
2011/04/28,-0.178
2011/04/29,-0.178
2011/05/03,-0.177
2011/05/04,-0.178
2011/05/05,-0.185
2011/05/06,-0.178
2011/05/09,-0.175
2011/05/10,-0.174
2011/05/11,-0.175
2011/05/12,-0.168
2011/05/13,-0.168
2011/05/16,-0.171
2011/05/17,-0.174
2011/05/18,-0.166
2011/05/19,-0.167
2011/05/20,-0.174
2011/05/23,-0.179
2011/05/24,-0.182
2011/05/25,-0.179
2011/05/26,-0.178
2011/05/27,-0.174
2011/05/31,-0.167
2011/06/01,-0.176
2011/06/02,-0.174
2011/06/03,-0.182
2011/06/07,-0.182
2011/06/08,-0.189
2011/06/09,-0.19
2011/06/10,-0.202
2011/06/13,-0.2
2011/06/14,-0.194
2011/06/15,-0.203
2011/06/16,-0.205
2011/06/17,-0.203
2011/06/20,-0.2
2011/06/21,-0.194
2011/06/22,-0.198
2011/06/23,-0.199
2011/06/24,-0.202
2011/06/27,-0.198
2011/06/28,-0.188
2011/06/29,-0.183
2011/06/30,-0.182
2011/07/01,-0.177
2011/07/05,-0.179
2011/07/06,-0.177
2011/07/07,-0.176
2011/07/08,-0.179
2011/07/11,-0.192
2011/07/12,-0.189
2011/07/13,-0.188
2011/07/14,-0.191
2011/07/15,-0.19
2011/07/18,-0.194
2011/07/19,-0.186
2011/07/20,-0.188
2011/07/21,-0.18
2011/07/22,-0.18
2011/07/25,-0.186
2011/07/26,-0.19
2011/07/27,-0.203
2011/07/28,-0.205
2011/07/29,-0.202
2011/08/01,-0.213
2011/08/02,-0.23
2011/08/03,-0.235
2011/08/04,-0.265
2011/08/05,-0.27
2011/08/08,-0.302
2011/08/09,-0.283
2011/08/10,-0.306
2011/08/11,-0.288
2011/08/12,-0.28
2011/08/15,-0.269
2011/08/16,-0.267
2011/08/17,-0.265
2011/08/18,-0.288
2011/08/19,-0.291
2011/08/22,-0.29
2011/08/23,-0.274
2011/08/24,-0.269
2011/08/25,-0.279
2011/08/26,-0.274
2011/08/29,-0.261
2011/08/30,-0.257
2011/08/31,-0.251
2011/09/01,-0.256
2011/09/02,-0.268
2011/09/06,-0.275
2011/09/07,-0.26
2011/09/08,-0.262
2011/09/09,-0.277
2011/09/13,-0.27
2011/09/14,-0.26
2011/09/15,-0.253
2011/09/16,-0.251
2011/09/19,-0.255
2011/09/20,-0.244
2011/09/21,-0.253
2011/09/22,-0.265
2011/09/23,-0.261
2011/09/26,-0.251
2011/09/27,-0.243
2011/09/28,-0.251
2011/09/29,-0.247
2011/09/30,-0.254
2011/10/03,-0.273
2011/10/04,-0.268
2011/10/05,-0.255
2011/10/06,-0.246
2011/10/07,-0.253
2011/10/11,-0.245
2011/10/12,-0.241
2011/10/13,-0.239
2011/10/14,-0.234
2011/10/17,-0.25
2011/10/18,-0.244
2011/10/19,-0.245
2011/10/20,-0.241
2011/10/21,-0.227
2011/10/24,-0.223
2011/10/25,-0.235
2011/10/26,-0.23
2011/10/27,-0.215
2011/10/28,-0.214
2011/10/31,-0.229
2011/11/01,-0.243
2011/11/02,-0.242
2011/11/03,-0.232
2011/11/04,-0.238
2011/11/07,-0.236
2011/11/08,-0.235
2011/11/09,-0.249
2011/11/10,-0.247
2011/11/11,-0.235
2011/11/14,-0.237
2011/11/15,-0.238
2011/11/16,-0.248
2011/11/17,-0.257
2011/11/18,-0.262
2011/11/21,-0.274
2011/11/22,-0.27
2011/11/23,-0.279
2011/11/25,-0.284
2011/11/28,-0.265
2011/11/29,-0.263
2011/11/30,-0.246
2011/12/01,-0.243
2011/12/02,-0.249
2011/12/05,-0.245
2011/12/06,-0.245
2011/12/07,-0.245
2011/12/08,-0.253
2011/12/09,-0.247
2011/12/12,-0.255
2011/12/13,-0.257
2011/12/14,-0.261
2011/12/15,-0.256
2011/12/16,-0.253
2011/12/19,-0.257
2011/12/20,-0.245
2011/12/21,-0.239
2011/12/22,-0.235
2011/12/23,-0.232
2011/12/27,-0.23
2011/12/28,-0.233
2011/12/29,-0.231
2011/12/30,-0.23
2012/01/03,-0.22
2012/01/04,-0.223
2012/01/05,-0.223
2012/01/06,-0.223
2012/01/09,-0.222
2012/01/10,-0.216
2012/01/11,-0.212
2012/01/12,-0.212
2012/01/13,-0.217
2012/01/17,-0.21
2012/01/18,-0.204
2012/01/30,-0.198
2012/01/31,-0.197
2012/02/01,-0.187
2012/02/02,-0.188
2012/02/03,-0.18
2012/02/06,-0.176
2012/02/07,-0.177
2012/02/08,-0.177
2012/02/09,-0.179
2012/02/10,-0.184
2012/02/13,-0.174
2012/02/14,-0.179
2012/02/15,-0.178
2012/02/16,-0.176
2012/02/17,-0.186
2012/02/21,-0.194
2012/02/22,-0.193
2012/02/23,-0.188
2012/02/24,-0.185
2012/02/29,-0.191
2012/03/01,-0.187
2012/03/02,-0.19
2012/03/05,-0.193
2012/03/06,-0.205
2012/03/07,-0.203
2012/03/08,-0.193
2012/03/09,-0.188
2012/03/12,-0.191
2012/03/13,-0.184
2012/03/14,-0.183
2012/03/15,-0.181
2012/03/16,-0.178
2012/03/19,-0.177
2012/03/20,-0.182
2012/03/21,-0.182
2012/03/22,-0.185
2012/03/23,-0.181
2012/03/26,-0.172
2012/03/27,-0.172
2012/03/28,-0.171
2012/03/29,-0.175
2012/03/30,-0.172
2012/04/02,-0.169
2012/04/03,-0.171
2012/04/05,-0.181
2012/04/09,-0.188
2012/04/10,-0.199
2012/04/11,-0.198
2012/04/12,-0.193
2012/04/13,-0.202
2012/04/16,-0.201
2012/04/17,-0.193
2012/04/18,-0.196
2012/04/19,-0.172
2012/04/20,-0.165
2012/04/23,-0.174
2012/04/24,-0.172
2012/04/25,-0.164
2012/04/26,-0.167
2012/04/27,-0.172
2012/04/30,-0.173
2012/05/02,-0.165
2012/05/03,-0.166
2012/05/04,-0.176
2012/05/07,-0.159
2012/05/08,-0.156
2012/05/09,-0.164
2012/05/10,-0.161
2012/05/11,-0.157
2012/05/14,-0.159
2012/05/15,-0.162
2012/05/16,-0.165
2012/05/17,-0.176
2012/05/18,-0.183
2012/05/21,-0.175
2012/05/22,-0.174
2012/05/23,-0.181
2012/05/24,-0.178
2012/05/25,-0.176
2012/05/29,-0.171
2012/05/30,-0.177
2012/05/31,-0.179
2012/06/01,-0.192
2012/06/04,-0.193
2012/06/05,-0.189
2012/06/06,-0.179
2012/06/07,-0.18
2012/06/08,-0.177
2012/06/11,-0.182
2012/06/12,-0.177
2012/06/13,-0.174
2012/06/14,-0.168
2012/06/15,-0.16
2012/06/18,-0.154
2012/06/19,-0.146
2012/06/20,-0.144
2012/06/21,-0.154
2012/06/22,-0.148
2012/06/25,-0.157
2012/06/26,-0.155
2012/06/27,-0.147
2012/06/28,-0.156
2012/06/29,-0.138
2012/07/02,-0.131
2012/07/03,-0.128
2012/07/05,-0.131
2012/07/06,-0.139
2012/07/09,-0.135
2012/07/10,-0.138
2012/07/11,-0.138
2012/07/12,-0.137
2012/07/13,-0.129
2012/07/16,-0.128
2012/07/17,-0.121
2012/07/18,-0.119
2012/07/19,-0.114
2012/07/20,-0.125
2012/07/23,-0.138
2012/07/24,-0.147
2012/07/25,-0.138
2012/07/26,-0.128
2012/07/27,-0.11
2012/07/30,-0.114
2012/07/31,-0.121
2012/08/01,-0.124
2012/08/03,-0.12
2012/08/06,-0.12
2012/08/07,-0.117
2012/08/08,-0.117
2012/08/09,-0.118
2012/08/10,-0.116
2012/08/13,-0.116
2012/08/14,-0.112
2012/08/15,-0.109
2012/08/16,-0.111
2012/08/17,-0.115
2012/08/20,-0.115
2012/08/21,-0.115
2012/08/22,-0.113
2012/08/23,-0.114
2012/08/24,-0.107
2012/08/27,-0.109
2012/08/28,-0.108
2012/08/29,-0.107
2012/08/30,-0.111
2012/08/31,-0.109
2012/09/04,-0.108
2012/09/05,-0.107
2012/09/06,-0.092
2012/09/07,-0.093
2012/09/10,-0.101
2012/09/11,-0.1
2012/09/12,-0.099
2012/09/13,-0.093
2012/09/14,-0.096
2012/09/17,-0.093
2012/09/18,-0.089
2012/09/19,-0.09
2012/09/20,-0.084
2012/09/21,-0.08
2012/09/24,-0.08
2012/09/25,-0.083
2012/09/26,-0.088
2012/09/27,-0.084
2012/09/28,-0.09
2012/10/01,-0.081
2012/10/02,-0.078
2012/10/03,-0.076
2012/10/04,-0.072
2012/10/05,-0.067
2012/10/08,-0.071
2012/10/09,-0.08
2012/10/11,-0.088
2012/10/12,-0.091
2012/10/15,-0.086
2012/10/16,-0.077
2012/10/17,-0.07
2012/10/18,-0.072
2012/10/19,-0.087
2012/10/22,-0.089
2012/10/23,-0.103
2012/10/24,-0.101
2012/10/25,-0.098
2012/10/26,-0.101
2012/10/29,-0.103
2012/10/30,-0.101
2012/10/31,-0.11
2012/11/01,-0.101
2012/11/02,-0.11
2012/11/05,-0.096
2012/11/06,-0.095
2012/11/07,-0.11
2012/11/08,-0.116
2012/11/09,-0.112
2012/11/12,-0.11
2012/11/13,-0.111
2012/11/14,-0.121
2012/11/15,-0.127
2012/11/16,-0.115
2012/11/19,-0.108
2012/11/20,-0.102
2012/11/21,-0.102
2012/11/23,-0.089
2012/11/26,-0.095
2012/11/27,-0.095
2012/11/28,-0.091
2012/11/29,-0.083
2012/11/30,-0.087
2012/12/03,-0.086
2012/12/04,-0.084
2012/12/05,-0.083
2012/12/06,-0.081
2012/12/07,-0.081
2012/12/10,-0.074
2012/12/11,-0.067
2012/12/12,-0.067
2012/12/13,-0.074
2012/12/14,-0.076
2012/12/17,-0.071
2012/12/18,-0.067
2012/12/19,-0.07
2012/12/20,-0.069
2012/12/21,-0.076
2012/12/24,-0.077
2012/12/26,-0.082
2012/12/27,-0.084
2012/12/28,-0.091
2013/01/02,-0.07
2013/01/03,-0.067
2013/01/04,-0.064
2013/01/07,-0.06
2013/01/08,-0.055
2013/01/09,-0.048
2013/01/10,-0.044
2013/01/11,-0.047
2013/01/14,-0.045
2013/01/15,-0.042
2013/01/16,-0.046
2013/01/17,-0.043
2013/01/18,-0.042
2013/01/22,-0.039
2013/01/23,-0.042
2013/01/24,-0.037
2013/01/25,-0.024
2013/01/28,-0.017
2013/01/29,-0.014
2013/01/30,-0.018
2013/01/31,-0.012
2013/02/01,-0.002
2013/02/04,-0.017
2013/02/05,-0.007
2013/02/06,-0.006
2013/02/19,-0.007
2013/02/20,-0.01
2013/02/21,-0.02
2013/02/22,-0.009
2013/02/25,-0.014
2013/02/26,-0.015
2013/02/27,-0.007
2013/03/01,0.001
2013/03/04,0.014
2013/03/05,0.021
2013/03/06,0.022
2013/03/07,0.03
2013/03/08,0.033
2013/03/11,0.035
2013/03/12,0.037
2013/03/13,0.031
2013/03/14,0.039
2013/03/15,0.04
2013/03/18,0.035
2013/03/19,0.036
2013/03/20,0.042
2013/03/21,0.03
2013/03/22,0.03
2013/03/25,0.03
2013/03/26,0.034
2013/03/27,0.04
2013/03/28,0.047
2013/04/01,0.036
2013/04/02,0.046
2013/04/03,0.032
2013/04/08,0.04
2013/04/09,0.042
2013/04/10,0.061
2013/04/11,0.068
2013/04/12,0.07
2013/04/15,0.055
2013/04/16,0.07
2013/04/17,0.069
2013/04/18,0.062
2013/04/19,0.078
2013/04/22,0.087
2013/04/23,0.096
2013/04/24,0.092
2013/04/25,0.093
2013/04/26,0.091
2013/04/29,0.095
2013/04/30,0.097
2013/05/02,0.094
2013/05/03,0.094
2013/05/06,0.095
2013/05/07,0.101
2013/05/08,0.109
2013/05/09,0.101
2013/05/10,0.124
2013/05/13,0.143
2013/05/14,0.153
2013/05/15,0.149
2013/05/16,0.14
2013/05/17,0.145
2013/05/20,0.144
2013/05/21,0.153
2013/05/22,0.153
2013/05/23,0.15
2013/05/24,0.147
2013/05/28,0.158
2013/05/29,0.146
2013/05/30,0.156
2013/05/31,0.137
2013/06/03,0.128
2013/06/04,0.121
2013/06/05,0.095
2013/06/06,0.103
2013/06/07,0.114
2013/06/10,0.125
2013/06/11,0.127
2013/06/13,0.124
2013/06/14,0.114
2013/06/17,0.113
2013/06/18,0.122
2013/06/19,0.106
2013/06/20,0.079
2013/06/21,0.09
2013/06/24,0.079
2013/06/25,0.077
2013/06/26,0.089
2013/06/27,0.099
2013/06/28,0.091
2013/07/01,0.123
2013/07/02,0.129
2013/07/03,0.135
2013/07/05,0.143
2013/07/08,0.151
2013/07/09,0.15
2013/07/10,0.164
2013/07/11,0.172
2013/07/12,0.184
2013/07/15,0.181
2013/07/16,0.171
2013/07/17,0.18
2013/07/18,0.183
2013/07/19,0.193
2013/07/22,0.192
2013/07/23,0.183
2013/07/24,0.18
2013/07/25,0.19
2013/07/26,0.195
2013/07/29,0.192
2013/07/30,0.197
2013/07/31,0.214
2013/08/01,0.229
2013/08/02,0.239
2013/08/05,0.232
2013/08/06,0.226
2013/08/07,0.22
2013/08/08,0.22
2013/08/09,0.227
2013/08/12,0.225
2013/08/13,0.231
2013/08/14,0.222
2013/08/15,0.204
2013/08/16,0.202
2013/08/19,0.204
2013/08/20,0.215
2013/08/22,0.23
2013/08/23,0.228
2013/08/26,0.236
2013/08/27,0.209
2013/08/28,0.212
2013/08/29,0.216
2013/08/30,0.201
2013/09/03,0.214
2013/09/04,0.224
2013/09/05,0.234
2013/09/06,0.228
2013/09/09,0.241
2013/09/10,0.247
2013/09/11,0.247
2013/09/12,0.242
2013/09/13,0.245
2013/09/16,0.247
2013/09/17,0.255
2013/09/18,0.259
2013/09/23,0.251
2013/09/24,0.251
2013/09/25,0.254
2013/09/26,0.264
2013/09/27,0.264
2013/09/30,0.26
2013/10/01,0.275
2013/10/02,0.269
2013/10/03,0.263
2013/10/04,0.265
2013/10/07,0.253
2013/10/08,0.227
2013/10/09,0.22
2013/10/11,0.246
2013/10/14,0.249
2013/10/15,0.236
2013/10/16,0.26
2013/10/17,0.272
2013/10/18,0.273
2013/10/21,0.265
2013/10/22,0.275
2013/10/23,0.272
2013/10/24,0.284
2013/10/25,0.285
2013/10/28,0.288
2013/10/29,0.294
2013/10/30,0.281
2013/10/31,0.275
2013/11/01,0.276
2013/11/04,0.282
2013/11/05,0.282
2013/11/06,0.273
2013/11/07,0.262
2013/11/08,0.281
2013/11/11,0.297
2013/11/12,0.301
2013/11/13,0.302
2013/11/14,0.307
2013/11/15,0.323
2013/11/18,0.31
2013/11/19,0.309
2013/11/20,0.314
2013/11/21,0.326
2013/11/22,0.339
2013/11/25,0.349
2013/11/26,0.349
2013/11/27,0.355
2013/11/29,0.356
2013/12/02,0.358
2013/12/03,0.343
2013/12/04,0.333
2013/12/05,0.327
2013/12/06,0.336
2013/12/09,0.329
2013/12/10,0.324
2013/12/11,0.303
2013/12/12,0.308
2013/12/13,0.306
2013/12/16,0.311
2013/12/17,0.305
2013/12/18,0.329
2013/12/19,0.336
2013/12/20,0.348
2013/12/23,0.384
2013/12/24,0.383
2013/12/26,0.388
2013/12/27,0.386
2013/12/30,0.386
2013/12/31,0.384
2014/01/02,0.381
2014/01/03,0.386
2014/01/06,0.387
2014/01/07,0.401
2014/01/08,0.411
2014/01/09,0.424
2014/01/10,0.439
2014/01/13,0.432
2014/01/14,0.451
2014/01/15,0.456
2014/01/16,0.466
2014/01/17,0.459
2014/01/21,0.475
2014/01/22,0.48
2014/01/23,0.479
2014/01/24,0.452
2014/01/27,0.431
2014/02/05,0.406
2014/02/06,0.412
2014/02/07,0.44
2014/02/10,0.45
2014/02/11,0.464
2014/02/12,0.469
2014/02/13,0.476
2014/02/14,0.466
2014/02/18,0.489
2014/02/19,0.478
2014/02/20,0.502
2014/02/21,0.507
2014/02/24,0.522
2014/02/25,0.521
2014/02/26,0.513
2014/02/27,0.513
2014/03/03,0.483
2014/03/04,0.506
2014/03/05,0.502
2014/03/06,0.488
2014/03/07,0.49
2014/03/10,0.491
2014/03/11,0.482
2014/03/12,0.49
2014/03/13,0.472
2014/03/14,0.464
2014/03/17,0.471
2014/03/18,0.5
2014/03/19,0.496
2014/03/20,0.499
2014/03/21,0.467
2014/03/24,0.433
2014/03/25,0.444
2014/03/26,0.431
2014/03/27,0.431
2014/03/28,0.413
2014/03/31,0.44
2014/04/01,0.454
2014/04/02,0.454
2014/04/03,0.431
2014/04/07,0.385
2014/04/08,0.377
2014/04/09,0.405
2014/04/10,0.356
2014/04/11,0.327
2014/04/14,0.329
2014/04/15,0.337
2014/04/16,0.357
2014/04/17,0.358
2014/04/21,0.372
2014/04/22,0.401
2014/04/23,0.39
2014/04/24,0.382
2014/04/25,0.358
2014/04/28,0.36
2014/04/29,0.39
2014/04/30,0.402
2014/05/02,0.404
2014/05/05,0.416
2014/05/06,0.403
2014/05/07,0.391
2014/05/08,0.37
2014/05/09,0.387
2014/05/12,0.406
2014/05/13,0.4
2014/05/14,0.403
2014/05/15,0.387
2014/05/16,0.383
2014/05/19,0.396
2014/05/20,0.38
2014/05/21,0.382
2014/05/22,0.394
2014/05/23,0.396
2014/05/27,0.419
2014/05/28,0.408
2014/05/29,0.415
2014/05/30,0.417
2014/06/03,0.426
2014/06/04,0.439
2014/06/05,0.449
2014/06/06,0.452
2014/06/09,0.456
2014/06/10,0.461
2014/06/11,0.457
2014/06/12,0.45
2014/06/13,0.446
2014/06/16,0.456
2014/06/17,0.453
2014/06/18,0.462
2014/06/19,0.466
2014/06/20,0.484
2014/06/23,0.471
2014/06/24,0.468
2014/06/25,0.475
2014/06/26,0.472
2014/06/27,0.475
2014/06/30,0.471
2014/07/01,0.495
2014/07/02,0.5
2014/07/03,0.504
2014/07/07,0.479
2014/07/08,0.453
2014/07/09,0.462
2014/07/10,0.455
2014/07/11,0.462
2014/07/14,0.468
2014/07/15,0.441
2014/07/16,0.431
2014/07/17,0.407
2014/07/18,0.431
2014/07/21,0.427
2014/07/22,0.436
2014/07/24,0.44
2014/07/25,0.429
2014/07/28,0.422
2014/07/29,0.433
2014/07/30,0.436
2014/07/31,0.406
2014/08/01,0.407
2014/08/04,0.417
2014/08/05,0.415
2014/08/06,0.408
2014/08/07,0.393
2014/08/08,0.401
2014/08/11,0.41
2014/08/12,0.406
2014/08/13,0.419
2014/08/14,0.434
2014/08/15,0.436
2014/08/18,0.452
2014/08/19,0.46
2014/08/20,0.459
2014/08/21,0.454
2014/08/22,0.457
2014/08/25,0.477
2014/08/26,0.49
2014/08/27,0.489
2014/08/28,0.482
2014/08/29,0.501
2014/09/02,0.497
2014/09/03,0.5
2014/09/04,0.484
2014/09/05,0.482
2014/09/09,0.478
2014/09/10,0.507
2014/09/11,0.505
2014/09/12,0.496
2014/09/15,0.477
2014/09/16,0.497
2014/09/17,0.5
2014/09/18,0.515
2014/09/19,0.514
2014/09/22,0.504
2014/09/23,0.497
2014/09/24,0.529
2014/09/25,0.506
2014/09/26,0.513
2014/09/29,0.522
2014/09/30,0.504
2014/10/01,0.492
2014/10/02,0.483
2014/10/03,0.501
2014/10/06,0.49
2014/10/07,0.467
2014/10/08,0.498
2014/10/09,0.467
2014/10/13,0.418
2014/10/14,0.413
2014/10/15,0.415
2014/10/16,0.423
2014/10/17,0.445
2014/10/20,0.463
2014/10/21,0.493
2014/10/22,0.496
2014/10/23,0.529
2014/10/24,0.544
2014/10/27,0.549
2014/10/28,0.558
2014/10/29,0.551
2014/10/30,0.579
2014/10/31,0.587
2014/11/03,0.582
2014/11/04,0.575
2014/11/05,0.563
2014/11/06,0.578
2014/11/07,0.576
2014/11/10,0.587
2014/11/11,0.602
2014/11/12,0.601
2014/11/13,0.599
2014/11/14,0.58
2014/11/17,0.583
2014/11/18,0.611
2014/11/19,0.612
2014/11/20,0.617
2014/11/21,0.625
2014/11/24,0.643
2014/11/25,0.639
2014/11/26,0.651
2014/11/28,0.661
2014/12/01,0.655
2014/12/02,0.675
2014/12/03,0.679
2014/12/04,0.673
2014/12/05,0.686
2014/12/08,0.719
2014/12/09,0.719
2014/12/10,0.691
2014/12/11,0.695
2014/12/12,0.676
2014/12/15,0.649
2014/12/16,0.634
2014/12/17,0.679
2014/12/18,0.728
2014/12/19,0.736
2014/12/22,0.715
2014/12/23,0.67
2014/12/24,0.693
2014/12/26,0.712
2014/12/29,0.719
2014/12/30,0.705
2014/12/31,0.694
2015/01/05,0.709
2015/01/06,0.7
2015/01/07,0.743
2015/01/08,0.762
2015/01/09,0.754
2015/01/12,0.767
2015/01/13,0.764
2015/01/14,0.766
2015/01/15,0.747
2015/01/16,0.769
2015/01/20,0.789
2015/01/21,0.771
2015/01/22,0.778
2015/01/23,0.77
2015/01/26,0.778
2015/01/27,0.771
2015/01/28,0.744
2015/01/29,0.767
2015/01/30,0.75
2015/02/02,0.756
2015/02/03,0.749
2015/02/04,0.711
2015/02/05,0.741
2015/02/06,0.724
2015/02/09,0.714
2015/02/10,0.737
2015/02/11,0.739
2015/02/12,0.754
2015/02/13,0.755
2015/02/24,0.82
2015/02/25,0.826
2015/02/26,0.833
2015/03/02,0.831
2015/03/03,0.819
2015/03/04,0.826
2015/03/05,0.843
2015/03/06,0.813
2015/03/09,0.821
2015/03/10,0.816
2015/03/11,0.823
2015/03/12,0.84
2015/03/13,0.841
2015/03/16,0.881
2015/03/17,0.88
2015/03/18,0.891
2015/03/19,0.906
2015/03/20,0.925
2015/03/23,0.901
2015/03/24,0.888
2015/03/25,0.837
2015/03/26,0.834
2015/03/27,0.853
2015/03/30,0.869
2015/03/31,0.84
2015/04/01,0.821
2015/04/02,0.818
2015/04/07,0.82
2015/04/08,0.855
2015/04/09,0.864
2015/04/10,0.878
2015/04/13,0.884
2015/04/14,0.88
2015/04/15,0.887
2015/04/16,0.89
2015/04/17,0.865
2015/04/20,0.869
2015/04/21,0.897
2015/04/22,0.895
2015/04/23,0.907
2015/04/24,0.896
2015/04/27,0.834
2015/04/28,0.82
2015/04/29,0.806
2015/04/30,0.779
2015/05/04,0.821
2015/05/05,0.796
2015/05/06,0.794
2015/05/07,0.809
2015/05/08,0.837
2015/05/11,0.841
2015/05/12,0.838
2015/05/13,0.835
2015/05/14,0.853
2015/05/15,0.852
2015/05/18,0.869
2015/05/19,0.871
2015/05/20,0.877
2015/05/21,0.878
2015/05/22,0.867
2015/05/26,0.86
2015/05/27,0.878
2015/05/28,0.879
2015/05/29,0.879
2015/06/01,0.881
2015/06/02,0.873
2015/06/03,0.876
2015/06/04,0.876
2015/06/05,0.877
2015/06/08,0.882
2015/06/09,0.879
2015/06/10,0.893
2015/06/11,0.905
2015/06/12,0.889
2015/06/15,0.887
2015/06/16,0.897
2015/06/17,0.904
2015/06/18,0.934
2015/06/22,0.954
2015/06/23,0.957
2015/06/24,0.933
2015/06/25,0.926
2015/06/26,0.919
2015/06/29,0.874
2015/06/30,0.891
2015/07/01,0.903
2015/07/02,0.9
2015/07/06,0.902
2015/07/07,0.904
2015/07/08,0.876
2015/07/09,0.895
2015/07/13,0.936
2015/07/14,0.975
2015/07/15,0.984
2015/07/16,1.001
2015/07/17,1.001
2015/07/20,1.004
2015/07/21,0.996
2015/07/22,0.99
2015/07/23,0.996
2015/07/24,0.935
2015/07/27,0.928
2015/07/28,0.964
2015/07/29,0.953
2015/07/30,0.95
2015/07/31,0.971
2015/08/03,0.974
2015/08/04,0.978
2015/08/05,0.992
2015/08/06,0.934
2015/08/07,0.923
2015/08/10,0.937
2015/08/11,0.939
2015/08/12,0.964
2015/08/13,0.95
2015/08/14,0.945
2015/08/17,0.99
2015/08/18,0.983
2015/08/19,0.97
2015/08/20,0.915
2015/08/21,0.873
2015/08/24,0.801
2015/08/25,0.802
2015/08/26,0.859
2015/08/27,0.904
2015/08/28,0.906
2015/08/31,0.869
2015/09/01,0.822
2015/09/02,0.871
2015/09/03,0.854
2015/09/04,0.843
2015/09/08,0.905
2015/09/09,0.87
2015/09/10,0.895
2015/09/11,0.903
2015/09/14,0.895
2015/09/15,0.919
2015/09/16,0.917
2015/09/17,0.928
2015/09/18,0.906
2015/09/21,0.876
2015/09/22,0.849
2015/09/23,0.862
2015/09/24,0.832
2015/09/25,0.78
2015/09/30,0.747
2015/10/01,0.76
2015/10/02,0.8
2015/10/05,0.788
2015/10/06,0.739
2015/10/07,0.749
2015/10/08,0.749
2015/10/12,0.75
2015/10/13,0.729
2015/10/14,0.731
2015/10/15,0.766
2015/10/16,0.778
2015/10/19,0.783
2015/10/20,0.755
2015/10/21,0.743
2015/10/22,0.748
2015/10/23,0.776
2015/10/26,0.797
2015/10/27,0.833
2015/10/28,0.852
2015/10/29,0.857
2015/10/30,0.844
2015/11/02,0.882
2015/11/03,0.872
2015/11/04,0.861
2015/11/05,0.855
2015/11/06,0.837
2015/11/09,0.837
2015/11/10,0.846
2015/11/11,0.826
2015/11/12,0.8
2015/11/13,0.805
2015/11/16,0.823
2015/11/17,0.839
2015/11/18,0.877
2015/11/19,0.844
2015/11/20,0.843
2015/11/23,0.85
2015/11/24,0.846
2015/11/25,0.855
2015/11/27,0.87
2015/11/30,0.845
2015/12/01,0.863
2015/12/02,0.857
2015/12/03,0.803
2015/12/04,0.842
2015/12/07,0.829
2015/12/08,0.848
2015/12/09,0.824
2015/12/10,0.841
2015/12/11,0.803
2015/12/14,0.812
2015/12/15,0.851
2015/12/16,0.874
2015/12/17,0.86
2015/12/18,0.849
2015/12/21,0.853
2015/12/22,0.858
2015/12/23,0.885
2015/12/24,0.883
2015/12/28,0.878
2015/12/29,0.9
2015/12/30,0.892
2015/12/31,0.882
2016/01/04,0.846
2016/01/05,0.85
2016/01/06,0.84
2016/01/07,0.794
2016/01/08,0.766
2016/01/11,0.733
2016/01/12,0.747
2016/01/13,0.69
2016/01/14,0.741
2016/01/15,0.712
2016/01/19,0.7
2016/01/20,0.71
2016/01/21,0.701
2016/01/22,0.728
2016/01/25,0.711
2016/01/26,0.715
2016/01/27,0.684
2016/01/28,0.642
2016/01/29,0.66
2016/02/01,0.67
2016/02/02,0.638
2016/02/03,0.655
2016/02/16,0.623
2016/02/17,0.654
2016/02/18,0.645
2016/02/19,0.645
2016/02/22,0.652
2016/02/23,0.63
2016/02/24,0.626
2016/02/25,0.637
2016/02/26,0.644
2016/03/01,0.653
2016/03/02,0.653
2016/03/03,0.631
2016/03/04,0.628
2016/03/07,0.639
2016/03/08,0.612
2016/03/09,0.613
2016/03/10,0.603
2016/03/11,0.632
2016/03/14,0.623
2016/03/15,0.587
2016/03/16,0.582
2016/03/17,0.553
2016/03/18,0.559
2016/03/21,0.582
2016/03/22,0.601
2016/03/23,0.581
2016/03/24,0.584
2016/03/28,0.576
2016/03/29,0.583
2016/03/30,0.573
2016/03/31,0.587
2016/04/01,0.613
2016/04/06,0.673
2016/04/07,0.655
2016/04/08,0.649
2016/04/11,0.628
2016/04/12,0.639
2016/04/13,0.658
2016/04/14,0.665
2016/04/15,0.659
2016/04/18,0.677
2016/04/19,0.666
2016/04/20,0.667
2016/04/21,0.69
2016/04/22,0.686
2016/04/25,0.68
2016/04/26,0.666
2016/04/27,0.654
2016/04/28,0.641
2016/04/29,0.611
2016/05/03,0.606
2016/05/04,0.584
2016/05/05,0.591
2016/05/06,0.58
2016/05/09,0.608
2016/05/10,0.629
2016/05/11,0.599
2016/05/12,0.581
2016/05/13,0.59
2016/05/16,0.622
2016/05/17,0.607
2016/05/18,0.623
2016/05/19,0.608
2016/05/20,0.627
2016/05/23,0.623
2016/05/24,0.656
2016/05/25,0.668
2016/05/26,0.66
2016/05/27,0.669
2016/05/31,0.687
2016/06/01,0.691
2016/06/02,0.711
2016/06/03,0.699
2016/06/06,0.696
2016/06/07,0.67
2016/06/08,0.664
2016/06/13,0.617
2016/06/14,0.61
2016/06/15,0.605
2016/06/16,0.605
2016/06/17,0.589
2016/06/20,0.593
2016/06/21,0.581
2016/06/22,0.588
2016/06/23,0.611
2016/06/24,0.561
2016/06/27,0.534
2016/06/28,0.569
2016/06/29,0.593
2016/06/30,0.607
2016/07/01,0.62
2016/07/05,0.616
2016/07/06,0.641
2016/07/07,0.64
2016/07/11,0.649
2016/07/12,0.657
2016/07/13,0.648
2016/07/14,0.647
2016/07/15,0.656
2016/07/18,0.659
2016/07/19,0.647
2016/07/20,0.673
2016/07/21,0.687
2016/07/22,0.691
2016/07/25,0.699
2016/07/26,0.689
2016/07/27,0.706
2016/07/28,0.704
2016/07/29,0.709
2016/08/01,0.713
2016/08/02,0.718
2016/08/03,0.725
2016/08/04,0.715
2016/08/05,0.715
2016/08/08,0.697
2016/08/09,0.694
2016/08/10,0.665
2016/08/11,0.68
2016/08/12,0.684
2016/08/15,0.692
2016/08/16,0.671
2016/08/17,0.681
2016/08/18,0.682
2016/08/19,0.688
2016/08/22,0.714
2016/08/23,0.71
2016/08/24,0.679
2016/08/25,0.656
2016/08/26,0.661
2016/08/29,0.663
2016/08/30,0.653
2016/08/31,0.646
2016/09/01,0.644
2016/09/02,0.644
2016/09/06,0.642
2016/09/07,0.638
2016/09/08,0.646
2016/09/09,0.619
2016/09/12,0.658
2016/09/13,0.636
2016/09/14,0.643
2016/09/19,0.649
2016/09/20,0.66
2016/09/21,0.672
2016/09/22,0.682
2016/09/23,0.672
2016/09/26,0.658
2016/09/29,0.624
2016/09/30,0.636
2016/10/03,0.634
2016/10/04,0.63
2016/10/05,0.638
2016/10/06,0.622
2016/10/07,0.626
2016/10/11,0.589
2016/10/12,0.567
2016/10/13,0.574
2016/10/14,0.552
2016/10/17,0.555
2016/10/18,0.569
2016/10/19,0.556
2016/10/20,0.565
2016/10/21,0.554
2016/10/24,0.549
2016/10/25,0.541
2016/10/26,0.538
2016/10/27,0.552
2016/10/28,0.518
2016/10/31,0.5
2016/11/01,0.505
2016/11/02,0.486
2016/11/03,0.457
2016/11/04,0.473
2016/11/07,0.514
2016/11/08,0.517
2016/11/09,0.612
2016/11/10,0.637
2016/11/11,0.623
2016/11/14,0.641
2016/11/15,0.632
2016/11/16,0.615
2016/11/17,0.624
2016/11/18,0.61
2016/11/21,0.617
2016/11/22,0.591
2016/11/23,0.594
2016/11/25,0.603
2016/11/28,0.582
2016/11/29,0.59
2016/11/30,0.571
2016/12/01,0.555
2016/12/02,0.558
2016/12/05,0.562
2016/12/06,0.57
2016/12/07,0.539
2016/12/08,0.534
2016/12/09,0.552
2016/12/12,0.55
2016/12/13,0.561
2016/12/14,0.562
2016/12/15,0.578
2016/12/16,0.577
2016/12/19,0.561
2016/12/20,0.567
2016/12/21,0.554
2016/12/22,0.56
2016/12/23,0.583
2016/12/27,0.589
2016/12/28,0.579
2016/12/29,0.578
2016/12/30,0.569
2017/01/03,0.594
2017/01/04,0.616
2017/01/05,0.614
2017/01/06,0.623
2017/01/09,0.645
2017/01/10,0.644
2017/01/11,0.608
2017/01/12,0.602
2017/01/13,0.598
2017/01/17,0.577
2017/01/18,0.585
2017/01/19,0.576
2017/01/20,0.565
2017/01/23,0.547
2017/01/24,0.539
2017/02/02,0.569
2017/02/03,0.576
2017/02/06,0.572
2017/02/07,0.576
2017/02/08,0.577
2017/02/09,0.584
2017/02/10,0.583
2017/02/13,0.593
2017/02/14,0.595
2017/02/15,0.613
2017/02/16,0.611
2017/02/17,0.615
2017/02/21,0.612
2017/02/22,0.603
2017/02/23,0.604
2017/02/24,0.604
2017/03/01,0.647
2017/03/02,0.647
2017/03/03,0.671
2017/03/06,0.659
2017/03/07,0.633
2017/03/08,0.643
2017/03/09,0.656
2017/03/10,0.668
2017/03/13,0.662
2017/03/14,0.656
2017/03/15,0.664
2017/03/16,0.637
2017/03/17,0.622
2017/03/20,0.618
2017/03/21,0.588
2017/03/22,0.593
2017/03/23,0.587
2017/03/24,0.59
2017/03/27,0.587
2017/03/28,0.581
2017/03/29,0.596
2017/03/30,0.596
2017/03/31,0.594
2017/04/05,0.584
2017/04/06,0.592
2017/04/07,0.6
2017/04/10,0.597
2017/04/11,0.594
2017/04/12,0.593
2017/04/13,0.586
2017/04/17,0.586
2017/04/18,0.573
2017/04/19,0.58
2017/04/20,0.585
2017/04/21,0.573
2017/04/24,0.588
2017/04/25,0.595
2017/04/26,0.596
2017/04/27,0.603
2017/04/28,0.61
2017/05/02,0.608
2017/05/03,0.608
2017/05/04,0.621
2017/05/05,0.615
2017/05/08,0.594
2017/05/09,0.606
2017/05/10,0.595
2017/05/11,0.59
2017/05/12,0.593
2017/05/15,0.597
2017/05/16,0.597
2017/05/17,0.574
2017/05/18,0.591
2017/05/19,0.588
2017/05/22,0.582
2017/05/23,0.585
2017/05/24,0.586
2017/05/25,0.58
2017/05/26,0.575
2017/05/31,0.571
2017/06/01,0.59
2017/06/02,0.609
2017/06/05,0.603
2017/06/06,0.591
2017/06/07,0.587
2017/06/08,0.591
2017/06/09,0.594
2017/06/12,0.598
2017/06/13,0.603
2017/06/14,0.612
2017/06/15,0.606
2017/06/16,0.609
2017/06/19,0.635
2017/06/20,0.649
2017/06/21,0.698
2017/06/22,0.72
2017/06/23,0.714
2017/06/26,0.708
2017/06/27,0.681
2017/06/28,0.706
2017/06/29,0.678
2017/06/30,0.672
2017/07/03,0.674
2017/07/05,0.692
2017/07/06,0.673
2017/07/07,0.681
2017/07/10,0.673
2017/07/11,0.676
2017/07/12,0.684
2017/07/13,0.685
2017/07/14,0.692
2017/07/17,0.685
2017/07/18,0.684
2017/07/19,0.711
2017/07/20,0.727
2017/07/21,0.735
2017/07/24,0.739
2017/07/25,0.726
2017/07/26,0.737
2017/07/27,0.706
2017/07/28,0.718
2017/07/31,0.708
2017/08/01,0.701
2017/08/02,0.706
2017/08/03,0.7
2017/08/04,0.7
2017/08/07,0.707
2017/08/08,0.692
2017/08/09,0.693
2017/08/10,0.658
2017/08/11,0.671
2017/08/14,0.68
2017/08/15,0.681
2017/08/16,0.685
2017/08/17,0.66
2017/08/18,0.653
2017/08/21,0.656
2017/08/22,0.682
2017/08/23,0.673
2017/08/24,0.684
2017/08/25,0.677
2017/08/28,0.689
2017/08/29,0.696
2017/08/30,0.723
2017/08/31,0.764
2017/09/01,0.77
2017/09/05,0.75
2017/09/06,0.759
2017/09/07,0.769
2017/09/08,0.762
2017/09/11,0.763
2017/09/12,0.769
2017/09/13,0.764
2017/09/14,0.757
2017/09/15,0.753
2017/09/18,0.752
2017/09/19,0.745
2017/09/20,0.75
2017/09/21,0.747
2017/09/22,0.746
2017/09/25,0.747
2017/09/26,0.738
2017/09/27,0.743
2017/09/28,0.748
2017/09/29,0.757
2017/10/02,0.786
2017/10/03,0.785
2017/10/05,0.783
2017/10/06,0.781
2017/10/11,0.766
2017/10/12,0.759
2017/10/13,0.753
2017/10/16,0.747
2017/10/17,0.762
2017/10/18,0.752
2017/10/19,0.754
2017/10/20,0.739
2017/10/23,0.725
2017/10/24,0.714
2017/10/25,0.698
2017/10/26,0.664
2017/10/27,0.669
2017/10/30,0.661
2017/10/31,0.649
2017/11/01,0.646
2017/11/02,0.642
2017/11/03,0.657
2017/11/06,0.652
2017/11/07,0.653
2017/11/08,0.651
2017/11/09,0.642
2017/11/10,0.64
2017/11/13,0.634
2017/11/14,0.616
2017/11/15,0.618
2017/11/16,0.636
2017/11/17,0.63
2017/11/20,0.622
2017/11/21,0.626
2017/11/22,0.628
2017/11/24,0.628
2017/11/27,0.624
2017/11/28,0.629
2017/11/29,0.633
2017/11/30,0.646
2017/12/01,0.648
2017/12/04,0.631
2017/12/05,0.622
2017/12/06,0.617
2017/12/07,0.621
2017/12/08,0.642
2017/12/11,0.649
2017/12/12,0.651
2017/12/13,0.659
2017/12/14,0.64
2017/12/15,0.654
2017/12/18,0.652
2017/12/19,0.648
2017/12/20,0.649
2017/12/21,0.649
2017/12/22,0.645
2017/12/26,0.647
2017/12/27,0.651
2017/12/28,0.646
2017/12/29,0.637
2018/01/02,0.655
2018/01/03,0.671
2018/01/04,0.665
2018/01/05,0.668
2018/01/08,0.653
2018/01/09,0.672
2018/01/10,0.679
2018/01/11,0.677
2018/01/12,0.691
2018/01/16,0.68
2018/01/17,0.693
2018/01/18,0.693
2018/01/19,0.695
2018/01/22,0.723
2018/01/23,0.731
2018/01/24,0.721
2018/01/25,0.716
2018/01/26,0.748
2018/01/29,0.751
2018/01/30,0.725
2018/01/31,0.688
2018/02/01,0.686
2018/02/02,0.664
2018/02/05,0.603
2018/02/06,0.62
2018/02/07,0.616
2018/02/08,0.567
2018/02/09,0.578
2018/02/12,0.594
2018/02/21,0.607
2018/02/22,0.609
2018/02/23,0.637
2018/02/26,0.65
2018/02/27,0.633
2018/03/01,0.59
2018/03/02,0.612
2018/03/05,0.629
2018/03/06,0.631
2018/03/07,0.646
2018/03/08,0.655
2018/03/09,0.674
2018/03/12,0.671
2018/03/13,0.665
2018/03/14,0.663
2018/03/15,0.647
2018/03/16,0.649
2018/03/19,0.617
2018/03/20,0.614
2018/03/21,0.613
2018/03/22,0.58
2018/03/23,0.548
2018/03/26,0.577
2018/03/27,0.553
2018/03/28,0.568
2018/03/29,0.575
2018/04/02,0.535
2018/04/03,0.542
2018/04/09,0.542
2018/04/10,0.573
2018/04/11,0.564
2018/04/12,0.581
2018/04/13,0.578
2018/04/16,0.584
2018/04/17,0.598
2018/04/18,0.599
2018/04/19,0.576
2018/04/20,0.569
2018/04/23,0.577
2018/04/24,0.563
2018/04/25,0.566
2018/04/26,0.591
2018/04/27,0.593
2018/04/30,0.569
2018/05/02,0.558
2018/05/03,0.546
2018/05/04,0.555
2018/05/07,0.561
2018/05/08,0.558
2018/05/09,0.577
2018/05/10,0.583
2018/05/11,0.603
2018/05/14,0.616
2018/05/15,0.609
2018/05/16,0.62
2018/05/17,0.622
2018/05/18,0.626
2018/05/21,0.619
2018/05/22,0.622
2018/05/23,0.633
2018/05/24,0.632
2018/05/25,0.635
2018/05/29,0.628
2018/05/30,0.653
2018/05/31,0.646
2018/06/01,0.655
2018/06/04,0.662
2018/06/05,0.654
2018/06/06,0.662
2018/06/07,0.655
2018/06/08,0.671
2018/06/11,0.67
2018/06/12,0.681
2018/06/13,0.68
2018/06/14,0.695
2018/06/15,0.693
2018/06/19,0.702
2018/06/20,0.722
2018/06/21,0.718
2018/06/22,0.727
2018/06/25,0.706
2018/06/26,0.698
2018/06/27,0.675
2018/06/28,0.685
2018/06/29,0.706
2018/07/02,0.71
2018/07/03,0.713
2018/07/05,0.721
2018/07/06,0.763
2018/07/09,0.771
2018/07/10,0.77
2018/07/11,0.763
2018/07/12,0.791
2018/07/13,0.801
2018/07/16,0.788
2018/07/17,0.794
2018/07/18,0.795
2018/07/19,0.788
2018/07/20,0.794
2018/07/23,0.785
2018/07/24,0.79
2018/07/25,0.806
2018/07/26,0.791
2018/07/27,0.769
2018/07/30,0.757
2018/07/31,0.781
2018/08/01,0.79
2018/08/02,0.802
2018/08/03,0.796
2018/08/06,0.789
2018/08/07,0.804
2018/08/08,0.792
2018/08/09,0.79
2018/08/10,0.786
2018/08/13,0.78
2018/08/14,0.787
2018/08/15,0.766
2018/08/16,0.781
2018/08/17,0.781
2018/08/20,0.78
2018/08/21,0.794
2018/08/22,0.803
2018/08/23,0.8
2018/08/24,0.803
2018/08/27,0.825
2018/08/28,0.827
2018/08/29,0.84
2018/08/30,0.846
2018/08/31,0.842
2018/09/04,0.829
2018/09/05,0.821
2018/09/06,0.796
2018/09/07,0.786
2018/09/10,0.789
2018/09/11,0.789
2018/09/12,0.791
2018/09/13,0.805
2018/09/14,0.802
2018/09/17,0.787
2018/09/18,0.803
2018/09/19,0.797
2018/09/20,0.813
2018/09/21,0.806
2018/09/25,0.813
2018/09/26,0.821
2018/09/27,0.829
2018/09/28,0.824
2018/10/01,0.826
2018/10/02,0.823
2018/10/03,0.826
2018/10/04,0.795
2018/10/05,0.787
2018/10/08,0.774
2018/10/09,0.769
2018/10/11,0.702
2018/10/12,0.723
2018/10/15,0.711
2018/10/16,0.766
2018/10/17,0.763
2018/10/18,0.754
2018/10/19,0.736
2018/10/22,0.72
2018/10/23,0.704
2018/10/24,0.632
2018/10/25,0.632
2018/10/26,0.626
2018/10/29,0.617
2018/10/30,0.632
2018/10/31,0.642
2018/11/01,0.677
2018/11/02,0.668
2018/11/05,0.67
2018/11/06,0.673
2018/11/07,0.721
2018/11/08,0.713
2018/11/09,0.7
2018/11/12,0.667
2018/11/13,0.66
2018/11/14,0.633
2018/11/15,0.645
2018/11/16,0.658
2018/11/19,0.632
2018/11/20,0.621
2018/11/21,0.624
2018/11/23,0.63
2018/11/26,0.65
2018/11/27,0.655
2018/11/28,0.688
2018/11/29,0.689
2018/11/30,0.704
2018/12/03,0.71
2018/12/04,0.673
2018/12/06,0.664
2018/12/07,0.632
2018/12/10,0.636
2018/12/11,0.645
2018/12/12,0.656
2018/12/13,0.648
2018/12/14,0.614
2018/12/17,0.59
2018/12/18,0.57
2018/12/19,0.549
2018/12/20,0.528
2018/12/21,0.491
2018/12/24,0.469
2018/12/26,0.522
2018/12/27,0.529
2018/12/28,0.528
2019/01/02,0.543
2019/01/03,0.548
2019/01/04,0.598
2019/01/07,0.619
2019/01/08,0.631
2019/01/09,0.645
2019/01/10,0.657
2019/01/11,0.655
2019/01/14,0.632
2019/01/15,0.654
2019/01/16,0.654
2019/01/17,0.671
2019/01/18,0.685
2019/01/22,0.669
2019/01/23,0.662
2019/01/24,0.657
2019/01/25,0.663
2019/01/28,0.64
2019/01/29,0.647
2019/01/30,0.642
2019/02/11,0.644
2019/02/12,0.664
2019/02/13,0.666
2019/02/14,0.67
2019/02/15,0.696
2019/02/19,0.687
2019/02/20,0.684
2019/02/21,0.667
2019/02/22,0.678
2019/02/25,0.703
2019/02/26,0.701
2019/02/27,0.708
2019/03/04,0.709
2019/03/05,0.707
2019/03/06,0.677
2019/03/07,0.667
2019/03/08,0.66
2019/03/11,0.684
2019/03/12,0.698
2019/03/13,0.716
2019/03/14,0.715
2019/03/15,0.728
2019/03/18,0.722
2019/03/19,0.726
2019/03/20,0.72
2019/03/21,0.708
2019/03/22,0.67
2019/03/25,0.67
2019/03/26,0.695
2019/03/27,0.677
2019/03/28,0.686
2019/03/29,0.704
2019/04/01,0.71
2019/04/02,0.715
2019/04/03,0.715
2019/04/08,0.725
2019/04/09,0.714
2019/04/10,0.727
2019/04/11,0.7
2019/04/12,0.686
2019/04/15,0.683
2019/04/16,0.662
2019/04/17,0.61
2019/04/18,0.6
2019/04/22,0.599
2019/04/23,0.627
2019/04/24,0.616
2019/04/25,0.628
2019/04/26,0.64
2019/04/29,0.639
2019/04/30,0.636
2019/05/02,0.637
2019/05/03,0.654
2019/05/06,0.658
2019/05/07,0.632
2019/05/08,0.635
2019/05/09,0.626
2019/05/10,0.622
2019/05/13,0.597
2019/05/14,0.608
2019/05/15,0.617
2019/05/16,0.638
2019/05/17,0.639
2019/05/20,0.63
2019/05/21,0.649
2019/05/22,0.666
2019/05/23,0.659
2019/05/24,0.664
2019/05/28,0.649
2019/05/29,0.628
2019/05/30,0.634
2019/05/31,0.623
2019/06/03,0.631
2019/06/04,0.649
2019/06/05,0.652
2019/06/06,0.648
2019/06/10,0.679
2019/06/11,0.684
2019/06/12,0.692
2019/06/13,0.697
2019/06/14,0.688
2019/06/17,0.704
2019/06/18,0.722
2019/06/19,0.723
2019/06/20,0.724
2019/06/21,0.723
2019/06/24,0.71
2019/06/25,0.705
2019/06/26,0.684
2019/06/27,0.69
2019/06/28,0.704
2019/07/01,0.709
2019/07/02,0.712
2019/07/03,0.734
2019/07/05,0.714
2019/07/08,0.697
2019/07/09,0.705
2019/07/10,0.704
2019/07/11,0.684
2019/07/12,0.657
2019/07/15,0.666
2019/07/16,0.663
2019/07/17,0.666
2019/07/18,0.676
2019/07/19,0.658
2019/07/22,0.661
2019/07/23,0.671
2019/07/24,0.671
2019/07/25,0.654
2019/07/26,0.66
2019/07/29,0.667
2019/07/30,0.672
2019/07/31,0.668
2019/08/01,0.683
2019/08/02,0.687
2019/08/05,0.661
2019/08/06,0.671
2019/08/07,0.668
2019/08/08,0.69
2019/08/12,0.685
2019/08/13,0.705
2019/08/14,0.665
2019/08/15,0.664
2019/08/16,0.684
2019/08/19,0.699
2019/08/20,0.688
2019/08/21,0.704
2019/08/22,0.693
2019/08/23,0.67
2019/08/26,0.677
2019/08/27,0.668
2019/08/28,0.668
2019/08/29,0.676
2019/08/30,0.677
2019/09/03,0.666
2019/09/04,0.663
2019/09/05,0.668
2019/09/06,0.669
2019/09/09,0.653
2019/09/10,0.636
2019/09/11,0.653
2019/09/12,0.64
2019/09/16,0.642
2019/09/17,0.655
2019/09/18,0.654
2019/09/19,0.665
2019/09/20,0.675
2019/09/23,0.669
2019/09/24,0.652
2019/09/25,0.645
2019/09/26,0.627
2019/09/27,0.62
2019/10/01,0.61
2019/10/02,0.581
2019/10/03,0.598
2019/10/04,0.613
2019/10/07,0.613
2019/10/08,0.59
2019/10/09,0.597
2019/10/14,0.611
2019/10/15,0.636
2019/10/16,0.635
2019/10/17,0.643
2019/10/18,0.636
2019/10/21,0.642
2019/10/22,0.665
2019/10/23,0.669
2019/10/24,0.675
2019/10/25,0.671
2019/10/28,0.687
2019/10/29,0.695
2019/10/30,0.704
2019/10/31,0.698
2019/11/01,0.717
2019/11/04,0.708
2019/11/05,0.702
2019/11/06,0.696
2019/11/07,0.696
2019/11/08,0.72
2019/11/11,0.722
2019/11/12,0.72
2019/11/13,0.723
2019/11/14,0.716
2019/11/15,0.742
2019/11/18,0.74
2019/11/19,0.756
2019/11/20,0.755
2019/11/21,0.76
2019/11/22,0.771
2019/11/25,0.801
2019/11/26,0.803
2019/11/27,0.811
2019/11/29,0.807
2019/12/02,0.792
2019/12/03,0.795
2019/12/04,0.807
2019/12/05,0.804
2019/12/06,0.816
2019/12/09,0.799
2019/12/10,0.806
2019/12/11,0.802
2019/12/12,0.804
2019/12/13,0.796
2019/12/16,0.816
2019/12/17,0.807
2019/12/18,0.805
2019/12/19,0.809
2019/12/20,0.824
2019/12/23,0.828
2019/12/24,0.832
2019/12/26,0.826
2019/12/27,0.825
2019/12/30,0.808
2019/12/31,0.81
2020/01/02,0.809
2020/01/03,0.793
2020/01/06,0.802
2020/01/07,0.796
2020/01/08,0.809
2020/01/09,0.819
2020/01/10,0.826
2020/01/13,0.804
2020/01/14,0.822
2020/01/15,0.835
2020/01/16,0.833
2020/01/17,0.832
2020/01/30,0.772
2020/01/31,0.747
2020/02/03,0.77
2020/02/04,0.8
2020/02/05,0.848
2020/02/06,0.855
2020/02/07,0.846
2020/02/10,0.855
2020/02/11,0.862
2020/02/12,0.864
2020/02/13,0.854
2020/02/14,0.852
2020/02/18,0.859
2020/02/19,0.874
2020/02/20,0.871
2020/02/21,0.885
2020/02/24,0.844
2020/02/25,0.808
2020/02/26,0.822
2020/02/27,0.756
2020/03/02,0.8
2020/03/03,0.772
2020/03/04,0.847
2020/03/05,0.82
2020/03/06,0.807
2020/03/09,0.717
2020/03/10,0.746
2020/03/11,0.7
2020/03/12,0.572
2020/03/13,0.66
2020/03/16,0.557
2020/03/17,0.638
2020/03/18,0.6
2020/03/19,0.617
2020/03/20,0.554
2020/03/23,0.519
2020/03/24,0.594
2020/03/25,0.6
2020/03/26,0.68
2020/03/27,0.652
2020/03/30,0.723
2020/03/31,0.725
2020/04/01,0.688
2020/04/06,0.767
2020/04/07,0.745
2020/04/08,0.785
2020/04/09,0.789
2020/04/13,0.793
2020/04/14,0.84
2020/04/15,0.817
2020/04/16,0.874
2020/04/17,0.924
2020/04/20,0.933
2020/04/21,0.882
2020/04/22,0.891
2020/04/23,0.891
2020/04/24,0.92
2020/04/27,0.933
2020/04/28,0.902
2020/04/29,0.884
2020/04/30,0.871
2020/05/04,0.875
2020/05/05,0.914
2020/05/06,0.909
2020/05/07,0.917
2020/05/08,0.931
2020/05/11,0.975
2020/05/12,0.962
2020/05/13,0.958
2020/05/14,0.95
2020/05/15,0.976
2020/05/18,0.997
2020/05/19,0.969
2020/05/20,0.992
2020/05/21,0.971
2020/05/22,0.978
2020/05/26,0.949
2020/05/27,0.939
2020/05/28,0.97
2020/05/29,1.005
2020/06/01,0.992
2020/06/02,0.996
2020/06/03,0.978
2020/06/04,0.966
2020/06/05,0.963
2020/06/08,0.962
2020/06/09,0.967
2020/06/10,0.978
2020/06/11,0.913
2020/06/12,0.914
2020/06/15,0.927
2020/06/16,0.96
2020/06/17,0.975
2020/06/18,0.967
2020/06/19,1.024
2020/06/22,1.011
2020/06/23,1.02
2020/06/24,0.983
2020/06/29,0.968
2020/06/30,0.99
2020/07/01,1.0
2020/07/02,1.02
2020/07/06,1.035
2020/07/07,1.041
2020/07/08,1.045
2020/07/09,1.044
2020/07/10,1.027
2020/07/13,1.025
2020/07/14,1.052
2020/07/15,1.086
2020/07/16,1.08
2020/07/17,1.114
2020/07/20,1.133
2020/07/21,1.102
2020/07/22,1.097
2020/07/23,1.072
2020/07/24,1.037
2020/07/27,1.065
2020/07/28,1.058
2020/07/29,1.053
2020/07/30,1.052
2020/07/31,1.034
2020/08/03,1.074
2020/08/04,1.061
2020/08/05,1.046
2020/08/06,1.038
2020/08/07,1.035
2020/08/10,1.013
2020/08/11,0.997
2020/08/12,1.033
2020/08/13,1.036
2020/08/14,1.025
2020/08/17,1.056
2020/08/18,1.05
2020/08/19,1.032
2020/08/20,1.017
2020/08/21,1.004
2020/08/24,0.991
2020/08/25,1.014
2020/08/26,1.022
2020/08/27,1.023
2020/08/28,1.018
2020/08/31,1.04
2020/09/01,1.019
2020/09/02,1.051
2020/09/03,0.977
2020/09/04,0.957
2020/09/08,0.928
2020/09/09,0.958
2020/09/10,0.929
2020/09/11,0.932
2020/09/14,0.976
2020/09/15,0.991
2020/09/16,0.98
2020/09/17,0.973
2020/09/18,0.971
2020/09/21,0.945
2020/09/22,0.962
2020/09/23,0.942
2020/09/24,0.923
2020/09/25,0.955
2020/09/28,0.965
2020/09/29,0.97
2020/09/30,0.975
2020/10/05,1.0
2020/10/06,0.966
2020/10/07,0.993
2020/10/08,0.994
2020/10/12,1.023
2020/10/13,1.036
2020/10/14,1.012
2020/10/15,0.963
2020/10/16,0.985
2020/10/19,0.957
2020/10/20,0.951
2020/10/21,0.926
2020/10/22,0.939
2020/10/23,0.945
2020/10/26,0.933
2020/10/27,0.926
2020/10/28,0.878
2020/10/29,0.875
2020/10/30,0.841
2020/11/02,0.85
2020/11/03,0.881
2020/11/04,0.981
2020/11/05,0.996
2020/11/06,0.985
2020/11/09,0.964
2020/11/10,0.936
2020/11/11,0.956
2020/11/12,0.96
2020/11/13,0.977
2020/11/16,0.976
2020/11/17,0.951
2020/11/18,0.917
2020/11/19,0.919
2020/11/20,0.93
2020/11/23,0.927
2020/11/24,0.905
2020/11/25,0.911
2020/11/27,0.956
2020/11/30,0.985
2020/12/01,0.983
2020/12/02,0.982
2020/12/03,0.983
2020/12/04,0.978
2020/12/07,0.968
2020/12/08,0.984
2020/12/09,0.968
2020/12/10,0.969
2020/12/11,0.958
2020/12/14,0.964
2020/12/15,0.963
2020/12/16,0.967
2020/12/17,0.993
2020/12/18,0.997
2020/12/21,0.985
2020/12/22,0.983
2020/12/23,0.981
2020/12/24,0.974
2020/12/28,0.966
2020/12/29,0.971
2020/12/30,0.974
2020/12/31,0.978
2021/01/04,0.967
2021/01/05,0.97
2021/01/06,0.977
2021/01/07,1.012
2021/01/08,1.04
2021/01/11,1.039
2021/01/12,1.036
2021/01/13,1.043
2021/01/14,1.067
2021/01/15,1.07
2021/01/19,1.105
2021/01/20,1.118
2021/01/21,1.116
2021/01/22,1.132
2021/01/25,1.155
2021/01/26,1.142
2021/01/27,1.073
2021/01/28,1.078
2021/01/29,1.062
2021/02/01,1.059
2021/02/02,1.07
2021/02/03,1.08
2021/02/04,1.098
2021/02/05,1.121
2021/02/17,1.108
2021/02/18,1.074
2021/02/19,1.061
2021/02/22,1.033
2021/02/23,1.016
2021/02/24,1.008
2021/02/25,0.984
2021/02/26,0.971
2021/03/02,0.97
2021/03/03,0.92
2021/03/04,0.892
2021/03/05,0.912
2021/03/08,0.897
2021/03/09,0.932
2021/03/10,0.932
2021/03/11,0.953
2021/03/12,0.941
2021/03/15,0.963
2021/03/16,0.978
2021/03/17,0.972
2021/03/18,0.943
2021/03/19,0.96
2021/03/22,0.988
2021/03/23,0.956
2021/03/24,0.93
2021/03/25,0.944
2021/03/26,0.972
2021/03/29,0.969
2021/03/30,0.942
2021/03/31,0.962
2021/04/01,0.972
2021/04/06,0.975
2021/04/07,0.959
2021/04/08,0.964
2021/04/09,0.972
2021/04/12,0.965
2021/04/13,0.984
2021/04/14,1.0
2021/04/15,1.027
2021/04/16,1.034
2021/04/19,1.015
2021/04/20,1.023
2021/04/21,1.043
2021/04/22,1.032
2021/04/23,1.044
2021/04/26,1.043
2021/04/27,1.025
2021/04/28,1.009
2021/04/29,1.002
2021/05/03,1.012
2021/05/04,0.978
2021/05/05,0.977
2021/05/06,0.98
2021/05/07,0.992
2021/05/10,0.974
2021/05/11,0.976
2021/05/12,0.972
2021/05/13,0.982
2021/05/14,1.009
2021/05/17,1.02
2021/05/18,1.012
2021/05/19,1.004
2021/05/20,1.039
2021/05/21,1.029
2021/05/24,1.029
2021/05/25,1.024
2021/05/26,1.019
2021/05/27,1.015
2021/05/28,1.022
